{
    "england_epl": {
        "2014-2015": [
            "2015-04-11 - 19-30 Burnley 0 - 1 Arsenal"
        ],
        "2015-2016": [
            "2015-08-30 - 18-00 Swansea 2 - 1 Manchester United",
            "2015-09-26 - 17-00 Leicester 2 - 5 Arsenal",
            "2015-09-26 - 17-00 Manchester United 3 - 0 Sunderland",
            "2015-10-03 - 17-00 Manchester City 6 - 1 Newcastle Utd",
            "2015-12-26 - 18-00 Chelsea 2 - 2 Watford",
            "2016-01-23 - 20-30 West Ham 2 - 2 Manchester City",
            "2016-01-24 - 19-00 Arsenal 0 - 1 Chelsea",
            "2016-02-13 - 20-30 Chelsea 5 - 1 Newcastle Utd",
            "2016-02-27 - 18-00 Southampton 1 - 2 Chelsea",
            "2016-03-05 - 18-00 Manchester City 4 - 0 Aston Villa",
            "2016-03-20 - 19-00 Manchester City 0 - 1 Manchester United",
            "2016-04-23 - 17-00 Bournemouth 1 - 4 Chelsea"
        ],
        "2016-2017": [
            "2016-10-01 - 14-30 Swansea 1 - 2 Liverpool",
            "2016-10-02 - 18-30 Burnley 0 - 1 Arsenal",
            "2016-10-22 - 17-00 Arsenal 0 - 0 Middlesbrough",
            "2016-10-29 - 19-30 Crystal Palace 2 - 4 Liverpool",
            "2016-12-04 - 16-30 Bournemouth 4 - 3 Liverpool",
            "2017-04-09 - 18-00 Everton 4 - 2 Leicester"
        ]
    },
    "europe_uefa-champions-league": {
        "2014-2015": [
            "2014-11-04 - 22-45 Real Madrid 1 - 0 Liverpool",
            "2014-11-05 - 22-45 Ajax 0 - 2 Barcelona",
            "2014-11-05 - 22-45 Manchester City 1 - 2 CSKA Moscow",
            "2014-12-09 - 22-45 Galatasaray 1 - 4 Arsenal",
            "2014-12-09 - 22-45 Real Madrid 4 - 0 Ludogorets",
            "2015-03-11 - 22-45 Bayern Munich 7 - 0 Shakhtar Donetsk",
            "2015-04-15 - 21-45 Paris SG 1 - 3 Barcelona",
            "2015-04-21 - 21-45 Barcelona 2 - 0 Paris SG"
        ],
        "2015-2016": [
            "2015-09-15 - 21-45 PSV 2 - 1 Manchester United",
            "2015-09-16 - 21-45 Chelsea 4 - 0 Maccabi Tel Aviv",
            "2015-09-16 - 21-45 Dyn. Kiev 2 - 2 FC Porto",
            "2015-09-16 - 21-45 Olympiakos Piraeus 0 - 3 Bayern Munich",
            "2015-09-29 - 21-45 Barcelona 2 - 1 Bayer Leverkusen",
            "2015-09-29 - 21-45 FC Porto 2 - 1 Chelsea",
            "2015-11-03 - 22-45 Benfica 2 - 1 Galatasaray",
            "2015-11-04 - 22-45 Barcelona 3 - 0 BATE",
            "2015-11-24 - 20-00 BATE 1 - 1 Bayer Leverkusen",
            "2015-11-25 - 22-45 Juventus 1 - 0 Manchester City"
        ],
        "2016-2017": [
            "2016-09-28 - 21-45 Napoli 4 - 2 Benfica",
            "2016-10-19 - 21-45 Paris SG 3 - 0 Basel"
        ]
    },
    "france_ligue-1": {
        "2015-2016": [
            "2015-09-19 - 18-30 Reims 1 - 1 Paris SG"
        ],
        "2016-2017": [
            "2016-08-21 - 21-45 Paris SG 3 - 0 Metz",
            "2016-09-09 - 21-45 Paris SG 1 - 1 St Etienne",
            "2016-09-20 - 22-00 Paris SG 3 - 0 Dijon",
            "2016-10-23 - 21-45 Paris SG 0 - 0 Marseille",
            "2016-12-03 - 19-00 Montpellier 3 - 0 Paris SG",
            "2017-03-04 - 19-00 Paris SG 1 - 0 Nancy",
            "2017-04-09 - 22-00 Paris SG 4 - 0 Guingamp",
            "2017-05-14 - 22-00 St Etienne 0 - 5 Paris SG"
        ]
    },
    "germany_bundesliga": {
        "2014-2015": [
            "2015-04-25 - 19-30 Bayern Munich 1 - 0 Hertha Berlin",
            "2015-05-02 - 16-30 Hoffenheim 1 - 1 Dortmund"
        ],
        "2015-2016": [
            "2015-09-20 - 18-30 Dortmund 3 - 0 Bayer Leverkusen",
            "2015-10-04 - 18-30 Bayern Munich 5 - 1 Dortmund",
            "2015-11-07 - 17-30 Bayern Munich 4 - 0 VfB Stuttgart",
            "2016-04-23 - 16-30 Hertha Berlin 0 - 2 Bayern Munich"
        ],
        "2016-2017": [
            "2016-12-03 - 17-30 Dortmund 4 - 1 B. Monchengladbach",
            "2017-02-25 - 17-30 SC Freiburg 0 - 3 Dortmund"
        ]
    },
    "italy_serie-a": {
        "2014-2015": [
            "2015-04-25 - 19-00 Udinese 2 - 1 AC Milan",
            "2015-05-10 - 21-45 Lazio 1 - 2 Inter",
            "2015-05-17 - 13-30 Sassuolo 3 - 2 AC Milan"
        ],
        "2015-2016": [
            "2015-09-26 - 21-45 Napoli 2 - 1 Juventus"
        ],
        "2016-2017": [
            "2016-08-20 - 19-00 AS Roma 4 - 0 Udinese",
            "2016-09-18 - 21-45 Fiorentina 1 - 0 AS Roma",
            "2016-09-21 - 21-45 Genoa 0 - 0 Napoli",
            "2016-10-02 - 19-00 AC Milan 4 - 3 Sassuolo",
            "2016-10-29 - 21-45 Juventus 2 - 1 Napoli",
            "2016-11-05 - 22-45 Napoli 1 - 1 Lazio",
            "2016-12-12 - 23-00 AS Roma 1 - 0 AC Milan",
            "2017-01-22 - 22-45 AS Roma 1 - 0 Cagliari",
            "2017-02-19 - 17-00 Chievo 1 - 3 Napoli",
            "2017-03-12 - 22-45 Palermo 0 - 3 AS Roma",
            "2017-04-02 - 21-45 Napoli 1 - 1 Juventus",
            "2017-04-15 - 21-45 Napoli 3 - 0 Udinese",
            "2017-04-30 - 13-30 AS Roma 1 - 3 Lazio",
            "2017-05-06 - 19-00 Napoli 3 - 1 Cagliari"
        ]
    },
    "spain_laliga": {
        "2014-2015": [
            "2015-04-11 - 17-00 Real Madrid 3 - 0 Eibar",
            "2015-04-11 - 21-00 Sevilla 2 - 2 Barcelona",
            "2015-04-28 - 21-00 Barcelona 6 - 0 Getafe",
            "2015-05-02 - 19-00 Atl. Madrid 0 - 0 Ath Bilbao",
            "2015-05-02 - 21-00 Sevilla 2 - 3 Real Madrid",
            "2015-05-23 - 21-30 Real Madrid 7 - 3 Getafe"
        ],
        "2015-2016": [
            "2015-09-12 - 21-30 Atl. Madrid 1 - 2 Barcelona",
            "2015-09-26 - 17-00 Barcelona 2 - 1 Las Palmas",
            "2015-10-24 - 17-00 Celta Vigo 1 - 3 Real Madrid",
            "2015-12-13 - 22-30 Villarreal 1 - 0 Real Madrid",
            "2015-12-20 - 18-00 Real Madrid 1 - 0 Rayo Vallecano",
            "2016-01-03 - 22-30 Valencia 2 - 2 Real Madrid",
            "2016-01-09 - 22-30 Real Madrid 5 - 0 Dep. La Coruna",
            "2016-02-13 - 18-00 Real Madrid 4 - 2 Ath Bilbao",
            "2016-03-20 - 22-30 Real Madrid 4 - 0 Sevilla"
        ],
        "2016-2017": [
            "2016-08-21 - 21-15 Real Sociedad 0 - 3 Real Madrid",
            "2016-09-17 - 14-00 Leganes 1 - 5 Barcelona",
            "2016-10-02 - 21-45 Celta Vigo 4 - 3 Barcelona",
            "2016-10-15 - 17-15 Barcelona 4 - 0 Dep. La Coruna",
            "2017-01-07 - 15-00 Real Madrid 5 - 0 Granada CF",
            "2017-01-21 - 18-15 Real Madrid 2 - 1 Malaga",
            "2017-02-18 - 18-15 Real Madrid 2 - 0 Espanyol",
            "2017-04-23 - 21-45 Real Madrid 2 - 3 Barcelona",
            "2017-04-29 - 17-15 Real Madrid 2 - 1 Valencia",
            "2017-04-29 - 21-45 Espanyol 0 - 3 Barcelona",
            "2017-05-14 - 21-00 Las Palmas 1 - 4 Barcelona"
        ]
    }
}