{
    "england_epl": {
        "2014-2015": [
            "2015-05-17 - 18-00 Manchester United 1 - 1 Arsenal"
        ],
        "2015-2016": [
            "2015-08-16 - 18-00 Manchester City 3 - 0 Chelsea",
            "2015-08-23 - 15-30 West Brom 2 - 3 Chelsea",
            "2015-08-29 - 17-00 Liverpool 0 - 3 West Ham",
            "2015-09-20 - 18-00 Southampton 2 - 3 Manchester United",
            "2015-09-26 - 19-30 Newcastle Utd 2 - 2 Chelsea",
            "2015-10-03 - 19-30 Chelsea 1 - 3 Southampton",
            "2015-10-24 - 17-00 West Ham 2 - 1 Chelsea",
            "2015-11-07 - 20-30 Stoke City 1 - 0 Chelsea",
            "2015-11-08 - 19-00 Arsenal 1 - 1 Tottenham",
            "2015-12-28 - 20-30 Manchester United 0 - 0 Chelsea",
            "2016-02-03 - 22-45 Watford 0 - 0 Chelsea",
            "2016-03-01 - 22-45 Norwich 1 - 2 Chelsea"
        ],
        "2016-2017": [
            "2016-08-27 - 14-30 Tottenham 1 - 1 Liverpool",
            "2016-09-24 - 14-30 Manchester United 4 - 1 Leicester",
            "2016-10-15 - 14-30 Chelsea 3 - 0 Leicester",
            "2017-01-21 - 15-30 Liverpool 2 - 3 Swansea",
            "2017-05-06 - 17-00 Leicester 3 - 0 Watford"
        ]
    },
    "europe_uefa-champions-league": {
        "2014-2015": [
            "2014-11-04 - 20-00 Zenit Petersburg 1 - 2 Bayer Leverkusen",
            "2015-02-24 - 22-45 Manchester City 1 - 2 Barcelona",
            "2015-03-10 - 22-45 Real Madrid 3 - 4 Schalke",
            "2015-03-17 - 22-45 Monaco 0 - 2 Arsenal",
            "2015-04-15 - 21-45 FC Porto 3 - 1 Bayern Munich",
            "2015-04-22 - 21-45 Real Madrid 1 - 0 Atl. Madrid",
            "2015-05-05 - 21-45 Juventus 2 - 1 Real Madrid"
        ],
        "2015-2016": [
            "2015-09-29 - 21-45 Bayern Munich 5 - 0 D. Zagreb",
            "2015-11-03 - 22-45 Real Madrid 1 - 0 Paris SG",
            "2015-11-03 - 22-45 Sevilla 1 - 3 Manchester City",
            "2015-11-03 - 22-45 Shakhtar Donetsk 4 - 0 Malmo FF",
            "2015-11-25 - 22-45 Shakhtar Donetsk 3 - 4 Real Madrid",
            "2016-04-05 - 21-45 Bayern Munich 1 - 0 Benfica"
        ],
        "2016-2017": [
            "2016-11-01 - 20-45 Besiktas 1 - 1 Napoli",
            "2016-11-01 - 22-45 Manchester City 3 - 1 Barcelona",
            "2016-11-23 - 22-45 Arsenal 2 - 2 Paris SG",
            "2017-03-08 - 22-45 Barcelona 6 - 1 Paris SG",
            "2017-04-12 - 21-45 Bayern Munich 1 - 2 Real Madrid",
            "2017-05-02 - 21-45 Real Madrid 3 - 0 Atl. Madrid"
        ]
    },
    "france_ligue-1": {
        "2016-2017": [
            "2016-08-28 - 21-45 Monaco 3 - 1 Paris SG",
            "2016-11-30 - 23-00 Paris SG 2 - 0 Angers"
        ]
    },
    "germany_bundesliga": {
        "2014-2015": [
            "2015-05-09 - 16-30 Bayern Munich 0 - 1 FC Augsburg"
        ],
        "2015-2016": [
            "2015-08-29 - 19-30 Bayern Munich 3 - 0 Bayer Leverkusen",
            "2015-09-12 - 16-30 Bayern Munich 2 - 1 FC Augsburg",
            "2015-10-24 - 16-30 Bayern Munich 4 - 0 FC Koln",
            "2015-11-08 - 17-30 Dortmund 3 - 2 Schalke"
        ],
        "2016-2017": [
            "2016-09-10 - 19-30 RB Leipzig 1 - 0 Dortmund",
            "2016-10-01 - 19-30 Bayer Leverkusen 2 - 0 Dortmund",
            "2016-11-05 - 17-30 Hamburger SV 2 - 5 Dortmund",
            "2016-11-19 - 20-30 Dortmund 1 - 0 Bayern Munich",
            "2016-12-16 - 22-30 Hoffenheim 2 - 2 Dortmund",
            "2017-01-21 - 17-30 SV Werder Bremen 1 - 2 Dortmund",
            "2017-01-29 - 19-30 1. FSV Mainz 05 1 - 1 Dortmund",
            "2017-03-04 - 17-30 Dortmund 6 - 2 Bayer Leverkusen",
            "2017-04-29 - 16-30 Dortmund 0 - 0 FC Koln"
        ]
    },
    "italy_serie-a": {
        "2014-2015": [
            "2015-04-29 - 21-45 Juventus 3 - 2 Fiorentina"
        ],
        "2015-2016": [
            "2015-08-29 - 21-45 AC Milan 2 - 1 Empoli",
            "2015-09-20 - 16-00 Genoa 0 - 2 Juventus",
            "2015-09-27 - 21-45 Inter 1 - 4 Fiorentina"
        ],
        "2016-2017": [
            "2016-08-27 - 21-45 Napoli 4 - 2 AC Milan",
            "2016-09-11 - 16-00 AC Milan 0 - 1 Udinese",
            "2016-09-20 - 21-45 AC Milan 2 - 0 Lazio",
            "2016-09-24 - 21-45 Napoli 2 - 0 Chievo",
            "2016-09-25 - 13-30 Torino 3 - 1 AS Roma",
            "2016-09-25 - 21-45 Fiorentina 0 - 0 AC Milan",
            "2016-10-02 - 21-45 AS Roma 2 - 1 Inter",
            "2016-11-20 - 17-00 Atalanta 2 - 1 AS Roma",
            "2016-11-26 - 22-45 Empoli 1 - 4 AC Milan",
            "2016-12-04 - 17-00 Lazio 0 - 2 AS Roma",
            "2017-01-08 - 17-00 Genoa 0 - 1 AS Roma",
            "2017-01-29 - 17-00 Sampdoria 3 - 2 AS Roma",
            "2017-02-07 - 22-45 AS Roma 4 - 0 Fiorentina",
            "2017-02-25 - 20-00 Napoli 0 - 2 Atalanta",
            "2017-02-26 - 22-45 Inter 1 - 3 AS Roma",
            "2017-04-01 - 21-45 AS Roma 2 - 0 Empoli",
            "2017-04-30 - 21-45 Inter 0 - 1 Napoli",
            "2017-05-20 - 21-45 Napoli 4 - 1 Fiorentina"
        ]
    },
    "spain_laliga": {
        "2014-2015": [
            "2015-02-14 - 20-00 Real Madrid 2 - 0 Dep. La Coruna",
            "2015-04-18 - 21-00 Real Madrid 3 - 1 Malaga",
            "2015-04-25 - 17-00 Espanyol 0 - 2 Barcelona",
            "2015-04-29 - 21-00 Real Madrid 3 - 0 Almeria",
            "2015-05-02 - 17-00 Cordoba 0 - 8 Barcelona",
            "2015-05-09 - 19-00 Barcelona 2 - 0 Real Sociedad"
        ],
        "2015-2016": [
            "2015-08-29 - 23-30 Real Madrid 5 - 0 Betis",
            "2015-09-19 - 17-00 Real Madrid 1 - 0 Granada CF",
            "2015-11-08 - 18-00 Barcelona 3 - 0 Villarreal",
            "2015-12-05 - 18-00 Real Madrid 4 - 1 Getafe",
            "2015-12-30 - 18-00 Real Madrid 3 - 1 Real Sociedad",
            "2016-02-27 - 18-00 Real Madrid 0 - 1 Atl. Madrid",
            "2016-03-02 - 23-00 Levante 1 - 3 Real Madrid",
            "2016-05-08 - 18-00 Real Madrid 3 - 2 Valencia",
            "2016-05-14 - 18-00 Dep. La Coruna 0 - 2 Real Madrid"
        ],
        "2016-2017": [
            "2016-09-10 - 21-30 Barcelona 1 - 2 Alaves",
            "2016-09-21 - 21-00 Real Madrid 1 - 1 Villarreal",
            "2016-09-24 - 21-45 Las Palmas 2 - 2 Real Madrid",
            "2016-11-26 - 18-15 Real Madrid 2 - 1 Gijon",
            "2016-12-18 - 22-45 Barcelona 4 - 1 Espanyol",
            "2017-02-11 - 22-45 Osasuna 1 - 3 Real Madrid",
            "2017-03-12 - 22-45 Real Madrid 2 - 1 Betis",
            "2017-04-02 - 17-15 Real Madrid 3 - 0 Alaves",
            "2017-04-08 - 21-45 Malaga 2 - 0 Barcelona",
            "2017-04-26 - 20-30 Barcelona 7 - 1 Osasuna"
        ]
    }
}