{
    "england_epl": {
        "2014-2015": [
            "2015-02-22 - 19-15 Southampton 0 - 2 Liverpool"
        ],
        "2015-2016": [
            "2015-10-03 - 19-30 Chelsea 1 - 3 Southampton",
            "2015-12-05 - 20-30 Chelsea 0 - 1 Bournemouth",
            "2016-01-03 - 16-30 Crystal Palace 0 - 3 Chelsea",
            "2016-01-23 - 20-30 West Ham 2 - 2 Manchester City",
            "2016-02-07 - 19-00 Chelsea 1 - 1 Manchester United",
            "2016-02-13 - 20-30 Chelsea 5 - 1 Newcastle Utd"
        ],
        "2016-2017": [
            "2016-08-14 - 18-00 Arsenal 3 - 4 Liverpool",
            "2016-10-02 - 18-30 Burnley 0 - 1 Arsenal",
            "2016-11-06 - 17-15 Liverpool 6 - 1 Watford",
            "2016-11-19 - 18-00 Southampton 0 - 0 Liverpool",
            "2016-12-10 - 20-30 Leicester 4 - 2 Manchester City"
        ]
    },
    "europe_uefa-champions-league": {
        "2014-2015": [
            "2014-11-04 - 22-45 Dortmund 4 - 1 Galatasaray"
        ],
        "2015-2016": [
            "2015-09-15 - 21-45 Sevilla 3 - 0 B. Monchengladbach",
            "2015-09-16 - 21-45 Bayer Leverkusen 4 - 1 BATE",
            "2015-09-16 - 21-45 Olympiakos Piraeus 0 - 3 Bayern Munich",
            "2015-09-29 - 21-45 Bayern Munich 5 - 0 D. Zagreb",
            "2015-11-03 - 18-00 FC Astana 0 - 0 Atl. Madrid"
        ],
        "2016-2017": [
            "2016-11-23 - 22-45 Arsenal 2 - 2 Paris SG",
            "2016-11-23 - 22-45 Celtic 0 - 2 Barcelona",
            "2017-03-08 - 22-45 Barcelona 6 - 1 Paris SG"
        ]
    },
    "france_ligue-1": {
        "2016-2017": [
            "2016-08-21 - 21-45 Paris SG 3 - 0 Metz"
        ]
    },
    "germany_bundesliga": {
        "2014-2015": [
            "2015-04-25 - 16-30 Dortmund 2 - 0 Eintracht Frankfurt"
        ],
        "2015-2016": [
            "2015-09-26 - 16-30 1. FSV Mainz 05 0 - 3 Bayern Munich"
        ],
        "2016-2017": [
            "2016-09-17 - 16-30 Dortmund 6 - 0 Darmstadt"
        ]
    },
    "italy_serie-a": {
        "2016-2017": [
            "2016-08-27 - 21-45 Napoli 4 - 2 AC Milan",
            "2016-10-30 - 17-00 Empoli 0 - 0 AS Roma",
            "2016-11-05 - 22-45 Napoli 1 - 1 Lazio",
            "2017-02-07 - 22-45 AS Roma 4 - 0 Fiorentina",
            "2017-02-12 - 14-30 Crotone 0 - 2 AS Roma",
            "2017-03-12 - 22-45 Palermo 0 - 3 AS Roma",
            "2017-04-01 - 21-45 AS Roma 2 - 0 Empoli"
        ]
    },
    "spain_laliga": {
        "2014-2015": [
            "2015-02-14 - 20-00 Real Madrid 2 - 0 Dep. La Coruna",
            "2015-02-22 - 23-00 Elche 0 - 2 Real Madrid",
            "2015-04-11 - 17-00 Real Madrid 3 - 0 Eibar",
            "2015-04-25 - 17-00 Espanyol 0 - 2 Barcelona",
            "2015-05-02 - 19-00 Atl. Madrid 0 - 0 Ath Bilbao",
            "2015-05-17 - 20-00 Atl. Madrid 0 - 1 Barcelona"
        ],
        "2016-2017": [
            "2017-01-08 - 22-45 Villarreal 1 - 1 Barcelona",
            "2017-04-15 - 21-45 Barcelona 3 - 2 Real Sociedad"
        ]
    }
}